Adlam Crescent,Liverpool,r,53.4698,-2.9338
Adlam Road,Liverpool,r,53.4698,-2.9312
Adlard Grove,Humberston,r,53.5252,-0.0275
Adlard Road,Doncaster,r,53.5359,-1.1012
Adler Close,Bracebridge Heath,r,53.1981,-0.5301
Adler Close,Gateshead,r,54.9517,-1.6185
Adler Way,Liverpool,r,53.3785,-2.9698
Adlingfleet Road,Fockerby,r,53.6648,-0.7195
Adlingfleet,East Riding of Yorkshire,v,53.6786,-0.7247
Adlington Avenue,Blackpool,r,53.8445,-3.0077
Adlington Avenue,Wingerworth,r,53.198,-1.4139
Adlington Close,Altrincham,r,53.395,-2.3046
Adlington Close,Bury,r,53.5893,-2.3331
Adlington Close,Crewe,r,53.0915,-2.4703
Adlington Close,Poynton,r,53.3426,-2.1072
Adlington Close,Strensall,r,54.0334,-1.0454
Adlington Court,Warrington,r,53.4283,-2.5164
Adlington Crescent,Sheffield,r,53.4235,-1.4811
Adlington Drive,Leftwich,r,53.2456,-2.5051
Adlington Drive,Old Trafford,r,53.4601,-2.2919
Adlington Drive,Sandbach,r,53.1472,-2.3554
Adlington Lane,Grindleford,r,53.2971,-1.6392
Adlington Mews,Gainsborough,r,53.3885,-0.7553
Adlington Park,Hope Green,r,53.3375,-2.1331
Adlington Road,Bollington,r,53.2994,-2.1050
Adlington Road,Crewe,r,53.0915,-2.4694
Adlington Road,Dean Row,r,53.3288,-2.2029
Adlington Road,Hartlepool,r,54.6925,-1.2176
Adlington Road,Runcorn,r,53.3388,-2.6661
Adlington Road,Sheffield,r,53.4242,-1.4795
Adlington Street,Burnley,r,53.7913,-2.2381
Adlington Street,Macclesfield,r,53.2604,-2.1363
Adlington Street,Manchester,r,53.4744,-2.2179
Adlington Street,Oldham,r,53.5511,-2.0832
Adlington,Cheshire East,v,53.3208,-2.1293
Adlington,Chorley,t,53.6173,-2.5974
