Peebles Avenue,Hartlepool,r,54.6732,-1.2218
Peebles Avenue,St Helens,r,53.4671,-2.7082
Peebles Close,Ashton-in-Makerfield,r,53.494,-2.6732
Peebles Close,Darlington,r,54.548,-1.5157
Peebles Close,Ellesmere Port,r,53.2818,-2.9630
Peebles Close,Holmes Chapel,r,53.1964,-2.3642
Peebles Close,Huddersfield,r,53.6585,-1.8267
Peebles Close,Kirkby,r,53.4989,-2.8954
Peebles Close,Tynemouth,r,55.0231,-1.4853
Peebles Drive,Manchester,r,53.4937,-2.1685
Peebles Grove,Burnley,r,53.778,-2.2618
Peebles Road,Newark-on-Trent,r,53.0616,-0.8282
Peebles Road,Newcastle-under-Lyme,r,53.0194,-2.2870
Peebles Road,Sunderland,r,54.8852,-1.4189
Peel Avenue,Batley,r,53.7142,-1.6357
Peel Avenue,Birkenhead,r,53.3784,-3.0144
Peel Avenue,Blackpool,r,53.8279,-3.0367
Peel Avenue,Bowdon,r,53.378,-2.3506
Peel Avenue,Durham,r,54.7811,-1.5422
Peel Avenue,Heysham,r,54.0377,-2.8989
Peel Avenue,Lancaster,r,54.0591,-2.8022
Peel Avenue,Retford,r,53.3035,-0.9280
Peel Avenue,Tuxford,r,53.2288,-0.8962
Peel Avenue,Wakefield,r,53.6564,-1.5190
Peel Bank Road,Oswaldtwistle,r,53.7459,-2.4143
Peel Bank,Church,r,53.7584,-2.3884
Peel Bank,Hyndburn,a,53.7578,-2.3851
Peel Brow,Bury,a,53.6475,-2.3099
Peel Brow,Ramsbottom,r,53.6475,-2.3080
Peel Castle Road,Thorne,r,53.6071,-0.9547
Peel Close,Atherton,r,53.5233,-2.4807
Peel Close,Blackburn,r,53.7284,-2.4837
Peel Close,Bradford,r,53.7886,-1.7093
Peel Close,Heslington,r,53.9432,-1.0500
Peel Close,Horbury,r,53.6586,-1.5510
Peel Close,Maltby,r,53.4278,-1.2124
Peel Close,Owrtyn / Overton,r,52.9697,-2.9358
Peel Close,Prescot,r,53.4145,-2.7964
Peel Close,Warrington,r,53.3961,-2.5330
Peel Cott Street,Todmorden,r,53.6944,-2.1040
Peel Cottage Lane,Warrington,r,53.4217,-2.5746
Peel Cottage Road,Todmorden,r,53.6944,-2.1037
Peel Court,Seaton Burn,r,55.0587,-1.6268
Peel Crescent,Ashton Hayes,r,53.219,-2.7451
Peel Crescent,Lancaster,r,54.0478,-2.8128
Peel Crescent,Mansfield,r,53.1589,-1.2272
Peel Cross Road,Salford,r,53.4795,-2.2848
Peel Drive,Astbury,r,53.1501,-2.2283
Peel Drive,Bacup,r,53.6967,-2.1900
Peel Drive,Little Hulton,r,53.5292,-2.4263
Peel Drive,Sale,r,53.4203,-2.2974
Peel Gardens,Bigrigg,r,54.5042,-3.5425
Peel Gardens,Colne,r,53.8584,-2.1791
Peel Gardens,Jarrow,r,54.9674,-1.4637
Peel Grange,Bury,r,53.5688,-2.2750
Peel Green Road,Eccles,r,53.4745,-2.3613
Peel Green,Craven,r,53.9987,-2.2201
Peel Green,Salford,a,53.4763,-2.3705
Peel Grove,Manchester,r,53.4591,-2.1951
Peel Grove,Worsley,r,53.5102,-2.3859
Peel Hall Avenue,Tyldesley,r,53.5153,-2.4571
Peel Hall Lane,Ashton Hayes,r,53.2179,-2.7454
Peel Hall Road,Bury,r,53.6287,-2.3208
Peel Hall Road,Wythenshawe,r,53.3787,-2.2476
Peel Hall Street,Preston,r,53.7662,-2.6891
Peel Hill Road,Thorne,r,53.6068,-0.9560
Peel Hill,Blackpool,r,53.7921,-2.9826
Peel Hill,Fylde,a,53.7882,-2.9796
Peel Hollow,Newcastle-under-Lyme,r,53.0514,-2.3273
Peel House Close,Little Hulton,r,53.5252,-2.4304
Peel House Lane,Widnes,r,53.376,-2.7242
Peel Lane,Astley,r,53.4941,-2.4526
Peel Lane,Cheshire East,r,53.1487,-2.2198
Peel Lane,Heywood,r,53.5984,-2.2286
Peel Lane,Little Hulton,r,53.5274,-2.4273
Peel Lane,Manchester,r,53.4949,-2.2351
Peel Lane,Newcastle upon Tyne,r,54.9698,-1.6215
Peel Moat Road,Stockport,r,53.4257,-2.1838
Peel Mount Close,Blackburn,r,53.7469,-2.4325
Peel Mount,Blackburn,r,53.7467,-2.4344
Peel Mount,Ramsbottom,r,53.6378,-2.3330
Peel Mount,Salford,r,53.4905,-2.2739
Peel Parade,Barnsley,r,53.5528,-1.4843
Peel Park Avenue,Accrington,r,53.7605,-2.3539
Peel Park Avenue,Clitheroe,r,53.8654,-2.3869
Peel Park Close,Accrington,r,53.7584,-2.3537
Peel Park Close,Clitheroe,r,53.8661,-2.3879
Peel Park Crescent,Little Hulton,r,53.5307,-2.4280
Peel Park Drive,Bradford,r,53.8076,-1.7336
Peel Park Terrace,Bradford,r,53.8088,-1.7336
Peel Park View,Bradford,r,53.8065,-1.7417
Peel Place,Barnsley,r,53.5632,-1.4713
Peel Place,Barrowford,r,53.8636,-2.2060
Peel Place,Beverley,r,53.8453,-0.4370
Peel Place,Burley in Wharfedale,r,53.9148,-1.7507
Peel Place,Kingston upon Hull,r,53.7522,-0.3538
Peel Place,Liverpool,r,53.3966,-2.9696
Peel Place,Toronto,r,54.6718,-1.6945
Peel Road,Bootle,r,53.4577,-3.0041
Peel Road,Colne,r,53.8547,-2.1839
Peel Road,Fleetwood,r,53.9158,-3.0226
Peel Road,Hale,r,53.3812,-2.3423
Peel Road,Mansfield,r,53.1507,-1.2231
Peel Road,Peel,r,53.7772,-2.9761
Peel Road,Skelmersdale,r,53.5303,-2.7547
Peel Row,Bradford,r,53.7798,-1.7837
Peel Square,Barnsley,r,53.5524,-1.4818
Peel Square,Bradford,r,53.7988,-1.7616
Peel Square,Harrogate,r,54.1353,-1.4137
Peel Street,Accrington,r,53.7534,-2.3635
Peel Street,Adlington,r,53.617,-2.5978
Peel Street,Ashton-under-Lyne,r,53.4898,-2.0982
Peel Street,Audenshaw,r,53.4669,-2.1206
Peel Street,Barnsley,r,53.5426,-1.4737
Peel Street,Barnsley,r,53.5523,-1.4851
Peel Street,Binchester,r,54.6828,-1.6439
Peel Street,Bingley,r,53.8485,-1.8252
Peel Street,Bishop Auckland,r,54.6598,-1.6743
Peel Street,Blackburn,r,53.7366,-2.4984
Peel Street,Carlisle,r,54.8928,-2.9552
Peel Street,Chadderton,r,53.5421,-2.1383
Peel Street,Chorley,r,53.651,-2.6331
Peel Street,Clitheroe,r,53.8698,-2.3885
Peel Street,Crewe,r,53.1017,-2.4540
Peel Street,Darlington,r,54.5235,-1.5424
Peel Street,Denton,r,53.4562,-2.1169
Peel Street,Droylsden,r,53.4749,-2.1550
Peel Street,Dukinfield,r,53.4805,-2.0909
Peel Street,Eccles,r,53.4843,-2.3395
Peel Street,Failsworth,r,53.5043,-2.1739
Peel Street,Farnworth,r,53.5494,-2.3913
Peel Street,Halifax,r,53.7118,-1.9121
Peel Street,Haslingden,r,53.7035,-2.3272
Peel Street,Heanor,r,53.0185,-1.3373
Peel Street,Heckmondwike,r,53.7102,-1.6763
Peel Street,Heywood,r,53.5939,-2.2300
Peel Street,Horbury,r,53.6587,-1.5535
Peel Street,Huddersfield,r,53.644,-1.7823
Peel Street,Hyde,r,53.446,-2.0682
Peel Street,Kingston upon Hull,r,53.752,-0.3543
Peel Street,Leigh,r,53.5001,-2.5240
Peel Street,Lincoln,r,53.2196,-0.5477
Peel Street,Littleborough,r,53.6429,-2.0974
Peel Street,Liverpool,r,53.3834,-2.9583
Peel Street,Macclesfield,r,53.2531,-2.1256
Peel Street,Marsden,r,53.6003,-1.9259
Peel Street,Middlesbrough,r,54.5718,-1.2411
Peel Street,Morley,r,53.7463,-1.5942
Peel Street,Newcastle upon Tyne,r,54.97,-1.6214
Peel Street,Newcastle-under-Lyme,r,53.0318,-2.2193
Peel Street,Newton-le-Willows,r,53.4538,-2.6435
Peel Street,Oswaldtwistle,r,53.7421,-2.4005
Peel Street,Padfield,r,53.4638,-1.9544
Peel Street,Padiham,r,53.7977,-2.3083
Peel Street,Platt Bridge,r,53.5214,-2.6003
Peel Street,Preston,r,53.7641,-2.7134
Peel Street,Queensbury,r,53.7697,-1.8371
Peel Street,Radcliffe,r,53.5586,-2.3240
Peel Street,Rawtenstall,r,53.6997,-2.2692
Peel Street,Rochdale,r,53.6205,-2.1665
Peel Street,Runcorn,r,53.3415,-2.7374
Peel Street,Sheffield,r,53.3772,-1.5003
Peel Street,South Normanton,r,53.1061,-1.3351
Peel Street,Southport,r,53.6425,-2.9732
Peel Street,Stalybridge,r,53.4801,-2.0673
Peel Street,Stockport,r,53.394,-2.1521
Peel Street,Stoke-on-Trent,r,52.9789,-2.1349
Peel Street,Stoke-on-Trent,r,53.0447,-2.2201
Peel Street,Sunderland,r,54.9007,-1.3778
Peel Street,Sutton in Ashfield,r,53.1266,-1.2480
Peel Street,Thornaby-on-Tees,r,54.5537,-1.3027
Peel Street,Thornton,r,53.7913,-1.8540
Peel Street,Westhoughton,r,53.5539,-2.5249
Peel Street,Wilsden,r,53.8196,-1.8603
Peel Street,Wrecsam / Wrexham,r,53.0442,-3.0035
Peel Street,York,r,53.9555,-1.0750
Peel Terrace,Scarborough,r,54.2868,-0.4009
Peel Tower Close,Chorley,r,53.639,-2.6253
Peel View,Bury,r,53.6097,-2.3320
Peel Way,Bury,r,53.5949,-2.2975
Peel,Fylde,h,53.7729,-2.9743
Peelgate Drive,Heald Green,r,53.3774,-2.2357
Peels Avenue,Lees,r,53.5423,-2.0612
Peelwood Avenue,Little Hulton,r,53.5321,-2.4215
Peelwood Grove,Atherton,r,53.5206,-2.4818
Peep Green Road,Liversedge,r,53.7021,-1.7220
Peers Close,Urmston,r,53.4569,-2.3943
Peers Clough Road,Rossendale,r,53.7245,-2.2470
Peers Street,Bury,r,53.5922,-2.3147
Peerswood Court,Neston,r,53.2779,-3.0592
Peet Avenue,Ormskirk,r,53.5614,-2.8931
Peet Avenue,St Helens,r,53.4538,-2.7679
Peet Meadow,Rainford Junction,r,53.519,-2.7936
Peet Street,Liverpool,r,53.4073,-2.9493
Peet's Lane,Southport,r,53.6574,-2.9664
Peets Drive,North Muskham,r,53.1189,-0.8095
Peewit Close,Winsford,r,53.1741,-2.5317
